id,title,createdAt
230153629,"早安,親",2018-11-27T01:57:57.222Z
230149214,回應-林佳龍為什麼會輸?,2018-11-26T11:16:19.818Z
230123338,以核養綠,2018-11-23T10:32:50.881Z
230123206,明天公投 我支持 以核養綠🌱,2018-11-23T10:13:21.963Z
230121358,📢支持16號以核養綠，物理人講給你聽--『核能不只是科學問題？』,2018-11-23T05:08:41.106Z
230118625,#新聞 選前最後衝刺 屏東縣長蘇清泉辦造勢晚會,2018-11-22T16:02:02.737Z
230115351,發現好用痘痘貼！超神奇,2018-11-22T07:42:50.039Z
230110879,黑特「空汙」沒路用的台中市長,2018-11-21T14:49:29.706Z
230106057,📣幫高調  回覆學術界不同意以核養綠連署 📣,2018-11-21T01:59:43.154Z
230103618,#1119 #高雄辯論 沒談到這個有點可惜......,2018-11-20T15:23:13.633Z
230098589,辯論就知道民進黨比較懂高雄 只是......,2018-11-20T01:29:26.117Z
230097210,高雄市長辯論會2懶人包,2018-11-19T16:45:59.436Z
230096483,#新聞 高雄市長辯論》反擊又老又窮說！ 韓國瑜拿資料打臉陳  也重砲批評民進黨執政高雄無能,2018-11-19T15:32:08.203Z
230089566,台灣版大躍進?2025非核家園的真相,2018-11-18T15:41:49.995Z
230088165,11/24選舉，請看清楚這些支持空汙法的官員們，該怎麼做你們懂得！,2018-11-18T12:15:33.262Z
230087451,火焰騎士,2018-11-18T09:59:57.614Z
230081638,台灣哪裡<em>空氣</em>最糟？,2018-11-17T11:58:41.332Z
230070268,公投,2018-11-15T15:15:39.281Z
230057715,來統計一下 我們學校有人廢核的嗎？,2018-11-13T16:59:28.728Z
230042700,#新聞 屏東縣長參選人蘇清泉參加「反空汙大遊行」管制源頭　還屏東縣民一口好<em>空氣</em>,2018-11-11T15:16:18.653Z
230035855,是男朋友的話，這是愛還是強暴,2018-11-10T15:40:02.2Z
230027056,#新聞 屏東空污嚴重 蘇清泉當選屏東縣長 全力改善屏東空污,2018-11-09T10:00:51.361Z
230019814,這幾天高雄的天空...,2018-11-08T08:45:47.587Z
229992098,#新聞 屏東縣長選戰／蘇清泉挾韓流打空汙,2018-11-04T14:08:34.373Z
229986585,挺高雄1111反空汙大遊行 蘇清泉：高屏一起翻轉,2018-11-03T15:50:49.512Z
229967672,關於韓國瑜的美夢,2018-10-31T19:28:23.436Z
229966956,#新聞 『<em>空氣</em><em>汙染</em>是這世紀的“新種香菸”』,2018-10-31T17:02:48.91Z
229963011,[投票之前] 民主不是權利，而是責任,2018-10-31T08:15:06.081Z
229944644,韓國瑜要打造高雄成為又年輕、又有錢的全台首富港都,2018-10-28T15:46:18.969Z
229939010,#公投#空污#核電#經濟#平權,2018-10-27T19:01:15.541Z
229937622,#新聞 賴清德：台中市長、市議員拚全部當選全壘打,2018-10-27T15:52:23.78Z
229937593,#新聞 挺林佳龍 賴清德：行政院投資台中3432億 推手不能換,2018-10-27T15:48:58.095Z
229931640,#創作【城門】但是我更喜歡妳,2018-10-26T17:25:05.706Z
229885961,敬覆莊秉潔：我們需要政治、媒體、群眾推疊的科學假說嗎？,2018-10-20T03:09:51.119Z
229834778,#新聞 中火4座燃媒機組　賴清德：2023年天然氣接替後退場,2018-10-12T05:56:57.292Z
229822941,#新聞 印度空汙怎麼解 建築公司：超大型<em>空氣</em>清淨機如何？,2018-10-10T09:51:19.697Z
229811215,觀塘換深澳急什麼？傳總統國慶要送這份大禮,2018-10-08T12:12:06.133Z
229721676,慎選跑步時機,2018-09-25T01:26:29.58Z
229719162,反核的大多是哪些人？,2018-09-24T14:13:01.523Z
229707048,一家烤肉萬家飄香 萬家烤肉地球遭殃,2018-09-22T16:07:34.864Z
229618775,為什麼要有YouBike,2018-09-10T22:50:32.865Z
229607951,#微雷 《全面霾伏》小格局災難片的驚喜之作,2018-09-09T12:38:16.401Z
229607112,非核家園=以火廢核,2018-09-09T10:28:12.373Z
229578104,民進黨逼迫人民用肺發電（內有強力論點）,2018-09-05T10:12:46.474Z
229576206,#新聞 乾淨的煤？拆穿深澳電廠的六大謊言,2018-09-05T03:57:06.191Z
229561932,不照騙！詐欺級偽素顏的秘訣是？ORBIS偽素顏保養組從內到外讓你自帶美肌！,2018-09-03T04:00:49.497Z
229542504,蔡政府收全世界的垃圾,2018-08-31T04:21:55.653Z
229533454,"為什麼""以核養綠""的曝光度較低?",2018-08-29T16:29:12.292Z
229524730,[以核養綠]台大校內連署點開張囉！,2018-08-28T12:25:55.745Z
229518151,以核養綠:也許我不懂核能，但我想改變我自己,2018-08-27T13:30:45.965Z
229511357,以核養綠其實是場鬧劇?,2018-08-26T12:49:29.323Z
229488528,#圖 誰會帶領居民抗議深澳電廠?,2018-08-23T02:44:33.521Z
229473745,#新聞 外交大勝？ 郭文貴：中國內部緊張 鼓勵高幹子女揭發父母,2018-08-20T16:35:03.405Z
229462993,空氣污染防制法在講啥？,2018-08-19T05:43:37.691Z
229408552,民進黨為什麼越來越自打嘴巴？,2018-08-10T14:28:55.407Z
229401999,#新聞 協和火力電廠空汙改善　居民：幾乎看不見煤渣,2018-08-09T13:44:06.541Z
229392403,#社論 風雨無阻創造美好生活,2018-08-08T01:45:36.839Z
229360429,#比較 高雄買房 不想再當無殼蝸牛！(內有選手),2018-08-02T09:33:39.202Z
229320189,Fresh the air 無車時刻，為了空氣污染我們發起了這項活動,2018-07-26T05:22:45.457Z
229304816,夏日太有事 五種保濕舒緩你的夏季熱,2018-07-23T12:39:44.52Z
229298453,#近聞 中油林園廠趁暴雨偷排廢氣,2018-07-22T11:18:57.892Z
229292563,<em>空氣</em><em>汙染</em>防制法之不合理修正！,2018-07-21T09:52:44.637Z
229290966,屏環保局)包庇餿水油 老農檢舉5次沒用,2018-07-21T02:56:01.228Z
229287106,苗栗即將成為下一個麥寮！？,2018-07-20T09:24:55.803Z
229265764,幫忙想書名🙇🙇🙇,2018-07-16T16:08:27.029Z
229203739,核能發電,2018-07-06T14:16:59.474Z
229199124,關於卸妝棉、化妝水,2018-07-05T16:32:42.524Z
229178873,高雄市長政見比較,2018-07-02T04:34:33.25Z
229178370,菜英文：台中空品好,2018-07-02T02:07:12.214Z
229177717,本週新聞,2018-07-01T19:53:17.234Z
229162754,#新聞 李應元：要改善支氣管 請二行程機車族先改善你的排氣管,2018-06-29T06:29:26.49Z
229161694,美日驗車看年份　加拿大是車迷天堂,2018-06-29T02:26:22.317Z
229149178,.,2018-06-27T06:31:30.073Z
229096680,#問卷  閱聽眾對於空汙訊息的感受,2018-06-19T10:17:04.316Z
229087745,我真的忍不住了,2018-06-18T02:47:16.724Z
229083900,#1831 傾世 (#北晚蒼亞,2018-06-17T11:20:39.946Z
229002734,環境保護上又小小邁出一步,2018-06-04T08:39:05.066Z
229002715,#討論 環境保護上又小小邁出一步,2018-06-04T08:36:50.356Z
228999882,為何抽煙會被罵,2018-06-03T17:57:37.348Z
228972716,五位蟬聯5星縣市長：鄭文燦、林智堅、傅崐萁、黃健庭、劉增應,2018-05-30T06:14:15.336Z
228959269,台中youbike蠻好笑的,2018-05-27T21:35:18.181Z
228955002,我的父親是道士．終,2018-05-27T05:30:13.582Z
228940510,#新聞 涉綁標圖利！台電150億煤倉案恐淪公安未爆彈,2018-05-24T13:25:07.492Z
228927683,正門空污,2018-05-22T10:51:49.58Z
228843785,#閒聊 晚上運動等於慢性自殺？！,2018-05-08T15:40:56.965Z
228836633,#107年學士後護理#台大及北醫面試+五校書審準備,2018-05-07T15:52:32.384Z
228774140,<em>空氣</em><em>汙染</em>,2018-04-28T02:50:48.934Z
228748878,ZenFone 5 使用心得,2018-04-24T07:37:23.737Z
228738129,#小說  補綴者,2018-04-22T16:41:59.138Z
228688064,#營隊 5/5-5/6 公衛工作坊－All for Public Health,2018-04-14T22:07:06.684Z
228655611,大傻瓜!!!!我愛你!!!!,2018-04-09T14:39:44.44Z
228636082,#KBO NC vs 斗山 今日焦點,2018-04-06T10:27:28.207Z
228621616,抽菸廢記,2018-04-03T19:37:31.473Z
228616827,#新聞 清明連假<em>空氣</em>髒 沙塵暴周五恐隨冷空氣來襲,2018-04-03T06:57:49.521Z
228615690,#分享 花蓮民宿,2018-04-03T03:39:16.178Z
228597508,#爆料 #新聞　林口發電廠<em>汙染</em>外洩　主流媒體靜悄悄...,2018-03-31T06:32:32.749Z
228591335,"#FB  連勝文:北京嚴重<em>空氣</em><em>汙染</em>,台北藍天白雲!!",2018-03-30T05:59:07.677Z
228588939,我支持核能發電,2018-03-29T17:00:11.491Z
228568390,<em>空氣</em><em>汙染</em>議題,2018-03-26T17:31:19.23Z
228501571,乾淨你妹啦,2018-03-16T11:37:29.604Z
228484513,垃圾店渣,2018-03-14T01:33:59.636Z
228476116,#討論 撤回「深澳電廠更新擴建計畫」連署,2018-03-12T18:15:03.326Z
228466501,黑錢(Dirty Money) #紀錄 #犯罪,2018-03-11T10:56:16.029Z
228465524,#新聞 反對2025非核家園 核能學者發起「以核養綠」公投,2018-03-11T08:03:16.202Z
228462943,＃討論 我去你的挑薯條！！！,2018-03-10T17:46:13.921Z
228441909,我的保養分享,2018-03-07T12:39:23.973Z
228400110,模擬立法院團隊 現正招募中,2018-03-01T12:04:37.972Z
228400053,模擬立法院團隊 現正招募中,2018-03-01T11:56:18.414Z
228297996,感覺<em>空氣</em><em>汙染</em>  達到對敏感族群等級,2018-02-14T01:10:59.163Z
228273189,我去過的城市,2018-02-09T10:43:41.223Z
228258004,學校其實很漂亮？,2018-02-06T15:10:10.591Z
228215193,可...可惡...高雄😂,2018-01-29T17:53:02.329Z
228205027,#文章 #新聞 #轉貼  臺灣的現況有救嗎？,2018-01-28T06:00:50.845Z
228194726,#南投武界部落 全台最美秘境,2018-01-26T09:08:06.107Z
228169477,#討論 反核又要反空汙？,2018-01-22T06:49:08.757Z
228147505,#討論 怎麼solve能源危機？,2018-01-18T09:58:21.996Z
228112381,新館自修室吃鹹酥雞...,2018-01-12T11:08:41.467Z
228087934,#轉 FANCL無添加真的沒有添加防腐劑？實際送驗結果大公開！,2018-01-08T13:41:58.234Z
228067847,環保愛地球？,2018-01-05T11:55:55.963Z
228050455,#新聞 環保署長李應元：霾害當作新年禮物 很遺憾,2018-01-04T04:18:19.567Z
228012996,跨年煙火？,2017-12-31T11:16:50.82Z
228009075,#新聞 AQI預報一條紅！霾害＋沙塵暴 近3年最強空汙報到,2017-12-30T16:10:11.781Z
228000692,#新聞 國衛院本土研究 中南部PM2.5急需控制,2017-12-29T07:45:20.764Z
227980232,#新聞 癌症不可怕，最可怕的是我們不明白讓癌症產生的人多半就是我們自己。,2017-12-26T03:39:05.517Z
227956225,#蘋果日報2017.12.22幾則新聞與社論,2017-12-22T00:46:54.039Z
227927366,#新聞反空污大遊行 郝龍斌揚言發動公投教訓政府,2017-12-17T14:18:46.331Z
227922417,#新聞 1217反空汙大遊行 台中、高雄同步站出來,2017-12-16T17:08:46.994Z
227855388,#討論 我們的未來,2017-12-06T12:13:46.507Z
227840754,祖國的善液,2017-12-04T08:57:41.299Z
227818413,#新聞 有圖為證 這件事「我們終於超越中國了」,2017-11-30T22:07:23.664Z
227811617,<em>空氣</em><em>汙染</em>？？鼻子好癢,2017-11-30T02:17:14.835Z
227808959,聽說今天全台有<em>空氣</em><em>汙染</em>,2017-11-29T14:26:20.538Z
227806677,<em>空氣</em>品質,2017-11-29T09:30:59.314Z
227805762,不能接受政府要禁行二行程機車,2017-11-29T07:00:04.14Z
227804698,#新聞 中火首次核減生煤！台中市下令要求削減500萬噸許可量,2017-11-29T03:48:35.759Z
227784262,#評論 台灣40年癌症地圖：台北是健康了，但中彰雲嘉卻變成「重癌鄉症」,2017-11-26T09:44:02.311Z
227750262,學校異味解答,2017-11-21T07:44:44.702Z
227730358,#社論 習近平：新時代的領路人,2017-11-18T10:00:50.558Z
227729650,請重視空汙和你的健康,2017-11-18T07:45:35.507Z
227720383,罰好少呀(´-﹏-`；),2017-11-16T19:03:35.237Z
227709552,#討論 就算明白了，又如何？就是無能為力。,2017-11-15T10:25:39.327Z
227672320,#news 黃創夏：蔡英文這政策 台灣贏了！,2017-11-10T08:00:15.388Z
227672309,#news 果粉排隊瘋搶iPhone X 李家同批浪費：應從小學唱「漁光曲」,2017-11-10T07:59:12.495Z
227604683,鄰居是很擾民的信徒,2017-11-01T13:39:53.27Z
227583892,遠距離 謝謝你,2017-10-29T19:36:01.982Z
227519328,#新聞 2015年900萬人死於<em>汙染</em> 大陸印度占一半,2017-10-21T01:26:13.698Z
227509614,#討論 是否有辦法讓核四重新上路,2017-10-19T14:31:42.353Z
227430796,【短篇小說】超級幸福！,2017-10-08T16:45:49.991Z
227421360,【長篇】莊園魔女-第1-4章　悲傷夫人,2017-10-07T10:12:25.994Z
227390728,#新聞 製造空汙？ 台化拿出數據反駁,2017-10-03T00:06:26.814Z
227389481,#影評 #有雷 #母親! 文長慎入,2017-10-02T16:41:35.277Z
227368293,#新聞 立委要求台中電廠降載減空污 能源局：貿然降載供電影響大,2017-09-29T23:54:34.461Z
227139917,#新聞  中部<em>空氣</em>差 6個測站PM2.5濃度超標台電才能降載,2017-09-01T08:34:22.942Z
227124336,#新聞 蒼蠅亂飛！魚群集體暴斃飄腐臭 氣象專家怒批：柯P下台,2017-08-30T12:02:38.853Z
227095747,#新聞 只顧非核不管健康 環團怒了,2017-08-27T05:00:53.745Z
227032640,一度電 3元 VS 15元,2017-08-19T06:04:07.51Z
227026743,#討論 我是人 我不反核,2017-08-18T09:16:05.084Z
227020733,對本土信仰燒香行為的無奈,2017-08-17T12:28:41.664Z
227016513,#討論  核能 你支持嗎？,2017-08-16T19:01:17.027Z
227013038,#新聞 年奪9千命「新國病」　肺癌一半沒抽菸,2017-08-16T10:07:52.493Z
226960272,#新聞 絕美奇景在台灣！英仙座流星雨12日登場 每小時150顆劃天際,2017-08-08T09:12:20.375Z
226928069,#新聞  說好的執政後不缺電呢？那些年他們是這樣喊的,2017-08-03T03:51:17.891Z
226874204,#新聞 龍山寺半數女員工傳罹患子宮肌瘤　燒香成禍首？,2017-07-26T04:52:24.311Z
226849754,#社論 明天的電力，發不動今天的冷氣機,2017-07-22T07:00:23.696Z
226831026,(轉)九個火場求生常見錯誤觀念,2017-07-19T04:33:37.363Z
226768386,#社論 讓數字及證據說話,2017-07-08T09:41:53.531Z
226764754,#東沙島 #文長   東沙巡禮活動分享,2017-07-07T15:13:38.037Z
226754134,家鄉,2017-07-05T20:08:58.392Z
226685266,#求救#瘟疫公司 猿猴流感終極困難,2017-06-25T13:27:12.553Z
226670135,口罩妹,2017-06-23T02:46:26.63Z
226668664,自己的信仰自己救,2017-06-22T17:38:54.723Z
226655089,"排毒五物: 防便秘、毒素自己排, 身體輕盈一周有感",2017-06-20T18:34:59.371Z
226533637,#討論 川普退出,2017-06-03T17:33:28.042Z
226492523,#韓劇 #Circle #科幻 腦子都燒完了要人家拿什麼考期末啦,2017-05-28T18:12:10.437Z
226392818,除靈道士 92 活死人,2017-05-14T12:21:50.105Z
226378384,男友認為男生嫖妓可以，女生不行。,2017-05-12T06:49:17.419Z
226306265,環保 地球暖化..,2017-05-02T08:21:59.284Z
226223024,有關金銀紙的討論之文very長-香腸小生,2017-04-19T21:32:45.694Z
226202967,彰化空汙,2017-04-17T00:29:42.986Z
226200074,禁止二行程根本是假環保真勾結,2017-04-16T14:05:08.506Z
226196090,#試用 #分享 我的愛用保養品❤ (下),2017-04-16T03:04:01.018Z
226184185,#新聞 【解決空污】推廣減少燒紙錢　政府投入兩億研究替代方案,2017-04-14T08:02:56.099Z
226174975,東海師生被疑似塑膠燃燒味臭熏月餘 禍首找到了,2017-04-13T01:33:49.975Z
226130155,香,2017-04-06T17:19:04.284Z
226111371,香的原意,2017-04-04T02:40:31.048Z
226111299,全台宮廟都應該禁香,2017-04-04T02:19:17.24Z
226087385,林佳龍你到底在幹嘛 ？,2017-03-31T03:10:31.803Z
226053256,更#醫美 產品心得(上) #Dr.wu #寵愛之名,2017-03-25T17:54:17.499Z
226021287,#作品 #單眼 高美濕地,2017-03-20T18:59:00.498Z
226010883,看你不順眼,2017-03-19T08:27:08.504Z
225954392,#新聞 環團帶太陽花 夜宿環署門口抗議黑箱,2017-03-10T05:58:38.371Z
225931258,#新聞 拜拜不用再<em>汙染</em><em>空氣</em>，台南市推「吐司金紙」歡迎大家「抄襲」,2017-03-06T12:56:08.732Z
225929406,#新聞 北市防空污再出招　薑母鴨、燒烤店擬禁用炭火料理,2017-03-06T07:09:25.667Z
225898595,（更）考考大家的國際觀👈🏻,2017-03-01T06:54:49.893Z
225878641,(轉貼)大自然中的同性戀,2017-02-25T23:37:25.412Z
225811100,#圖 蒲公英衛生紙開箱,2017-02-15T15:36:11.071Z
225777960,你不可不知：燃油消耗降低的關鍵功臣(Part 1),2017-02-10T13:29:11.963Z
225777224,我的妹妹們,2017-02-10T10:58:51.894Z
225774066,[男子漢ㄟ京阪奈之旅]day1.2圖爆多#大阪#圖#京都#日本,2017-02-09T17:47:18.636Z
225772247,分享，垃圾議題,2017-02-09T13:28:06.479Z
225714269,不燒香後第一次 那個 廟,2017-01-30T16:17:21.549Z
225691883,#電影#美人魚:假如生命只剩最後一分鐘，你會做甚麼?,2017-01-26T09:33:47.783Z
225658460,#評論 資深媒體人：劉屏》小英的哈雷花了多少錢,2017-01-21T04:49:46.482Z
225656206,#課程 #105上 劉光宇 <em>空氣</em><em>汙染</em>學,2017-01-21T02:55:38.889Z
225642101,自創_自殺傾向諮商師和最後的個案_七,2017-01-19T13:11:33.308Z
225622466,中原附近大火,2017-01-17T10:04:43.807Z
225531728,#新聞 偏鄉就該遭到<em>汙染</em>嗎?,2017-01-04T11:26:52.941Z
225452433,分手嗎？,2016-12-24T17:34:39.431Z
225446911,#創作 呼吸的聲音,2016-12-23T19:24:25.098Z
225364459,<em>空氣</em>男友,2016-12-11T08:05:34.629Z
225333446,#遊記 單車旅遊,2016-12-06T09:27:45.555Z
225235090,#圖 #新聞 口交姨成台灣之光,2016-11-21T03:51:03.604Z
225225120,謝謝你們,2016-11-19T10:54:14.639Z
225199126,嘿，好久不見,2016-11-15T11:34:59.248Z
225189007,#新聞 減排達標 2050煤電廠得全關,2016-11-14T02:11:39.319Z
225161473,【短文】離,2016-11-09T17:18:27.056Z
225149816,天氣,2016-11-08T05:00:43.609Z
225132706,騎車等紅燈,2016-11-05T15:32:20.036Z
225106859,#保養#文長 廢話巨多的保養美妝基礎,2016-11-01T16:33:08.926Z
225098483,這算過敏嗎,2016-10-31T14:21:06.928Z
225073370,中壢<em>空氣</em><em>汙染</em>?,2016-10-27T17:20:09.163Z
225065300,邊緣人真的太爽了 承認吧!,2016-10-26T15:39:16.669Z
225062917,我的天兵狂老媽...PH2.5跟PM2.5傻傻搞不清楚...,2016-10-26T09:13:49.016Z
225041816,#新聞 日媒：台灣計畫2025年非核 亞洲罕見,2016-10-23T11:01:09.483Z
225035333,一個鄉下小孩到都市的體會,2016-10-22T12:55:19.21Z
225026865,（補充）最近空污&長久關注社會議題有感,2016-10-21T08:40:38.724Z
225004692,為什麼要<em>空氣</em><em>汙染</em>,2016-10-18T08:56:58.818Z
225000808,這幾天又紫爆了啊！,2016-10-17T16:34:44.751Z
224999437,<em>空氣</em>品質轉為不良,2016-10-17T14:13:43.515Z
224989351,#圖空運來台 ~韓國圓盤烤肉趣,2016-10-16T07:30:55.494Z
224984650,#新聞 #討論 台化員工抗爭無進展　揚言上凱道找小英訴苦,2016-10-15T14:50:43.486Z
224914757,台化到底該不該關,2016-10-06T11:05:04.61Z
224905965,這個老師,2016-10-05T07:47:44.429Z
224902439,#爆料 台化撤照假處分案開庭　官員自爆未依法行政,2016-10-04T16:35:00.856Z
224897438,中原大學罔顧師生生命安全,2016-10-04T04:01:13.307Z
224875212,淺談 精神病理學,2016-10-01T05:22:42.977Z
224874490,焚燒線香與紙錢,2016-10-01T02:34:01.388Z
224823217,#新聞 重啟核一連在野黨都反對 經長：可見全民都反核電,2016-09-24T03:35:35.993Z
224800742,#分享 一人機車環島 完,2016-09-20T15:46:11.666Z
224791461,#新聞 #影片 宮廟活動燃大量鞭炮 南市環局開單告發,2016-09-19T09:00:17.339Z
224705265,人言可畏,2016-09-06T12:42:58.496Z
224629827,高跟鞋斷頭女(仲介Part2),2016-08-26T09:08:45.025Z
224627823,菜鳥求助老鳥當兵問題！,2016-08-26T01:14:59.895Z
224621165,菲律賓+美國留學經驗純分享,2016-08-25T02:01:54.842Z
224587273,#國際 從地心竄出：頁岩革命的代價,2016-08-21T08:10:54.764Z
224562375,超~喜歡中元節,2016-08-17T10:11:38.857Z
224554146,#國際 濕婆神的核武：美中角力下印度的核子之路,2016-08-16T03:37:31.779Z
224549442,杭州在這個月應該是全世界最安全的城市(G20),2016-08-15T09:29:49.554Z
224512050,木頭與傻妹 Part3-破冰,2016-08-08T19:57:40.371Z
224504665,空汙？供電保證？ 台灣燃煤發電陷兩難,2016-08-08T01:27:04.316Z
224504107,國際時事  美國版基本收入：有條件、卻很公平的「負所得稅」制,2016-08-07T19:08:02.331Z
224481991,#請益 MIT雅聞倍優保養品,2016-08-04T04:22:30.061Z
224286444,#鼠 養鼠基本常識-鼠的飲食,2016-07-01T08:19:11.207Z
224245149,#圖 家中被媒體渲染的高學歷米蟲（文長,2016-06-22T19:18:12.034Z
224223475,洗臉的正確知識,2016-06-19T03:38:34.296Z
224185104,#手機 清晨的臺北,2016-06-12T13:39:15.37Z
224165753,農地種工廠,2016-06-09T06:09:31.119Z
224122724,靠嘴玩天下,2016-06-01T10:50:22.755Z
224097500,不要讓我們的水被<em>汙染</em>,2016-05-27T16:46:10.269Z
224088972,牽手趕肥宅，保護地球環境,2016-05-26T08:49:48.114Z
224043179,稚嫩的青春愛情,2016-05-18T13:00:02.987Z
215085207,新一代,2016-05-14T16:35:48.749Z
214791289,#轉貼  2016「夏耘」農村草根訪調營隊 開放報名,2016-05-14T15:12:18.188Z
210854102,「鄭捷火化<em>汙染</em>我們的<em>空氣</em>！」　中壢人拉布條抗議,2016-05-13T07:04:18.586Z
205815395,[請分享]為了自己和周圍的人健康，請淘汰烏賊車,2016-05-11T14:15:05.706Z
199796683,巨型太空遮陽傘是否能阻止全球變暖,2016-05-09T16:02:46.369Z
183033350,討厭的女人,2016-05-04T13:42:11.154Z
175661354,公共政策-執行「車速分流」，取消「車種分流」,2016-05-02T03:29:43.322Z
145143484,嘉義的<em>空氣</em><em>汙染</em>,2016-04-22T04:34:25.955Z
143231506,每次戴口罩都會被問......,2016-04-21T14:41:00.857Z
132480930,中國工廠「劇毒」<em>汙染</em>數百人送醫 環評竟「完全達標」,2016-04-18T13:25:19.124Z
108943148,高雄 拚產業轉型…傳產、服務業以外工作機會少,2016-04-12T01:36:32.252Z
91917545,機車！台北市考慮　機車格全面收費,2016-04-07T03:33:22.966Z
68646666,#作品#單眼#<em>空氣</em><em>汙染</em>,2016-03-31T03:03:58.438Z
40783458,日月光污染後勁溪1億罰鍰　遭法院撤銷(不解一堆無腦鄉民為什麼激動？),2016-03-22T16:56:39.019Z
27078352,#作品  雲林台西麥寮   黑白照居多,2016-03-18T08:06:40.925Z
21489157,Re: 閉嘴,2016-03-16T10:48:29.401Z
16324506,綠3月底提出轉型正義法案 「避免國民黨脫產」,2016-03-14T14:59:11.251Z
10475877,你知道核廢料有多危險嗎？,2016-03-12T15:02:19.295Z
6858283,車位問題,2016-03-11T09:05:39.814Z
2433136,洪姊姊說台中電廠產生的PM2.5佔總量的34%耶,2016-03-09T16:49:39.157Z
1232441,讓我們一起，用愛發電。,2016-03-08T10:18:12.571Z
1228448,柱姊批不懂能源　洪慈庸反擊：不懂她想表達什麼,2016-03-07T15:31:24.439Z
1205767,街頭上的好女孩(///▽///),2016-03-04T07:28:02.514Z
1088397,燒金紙<em>空氣</em><em>汙染</em>?,2016-02-08T07:03:09.792Z
1082262,小年夜也瘋狂之學妹紅包找哥拿,2016-02-06T13:46:44.162Z
1068320,拆也柯P、蓋也柯P？那條公車專用道回來了？,2016-02-03T11:57:37.581Z
1043823,#作品 📷戀空,2016-01-28T12:24:42.538Z
1041189,(美圖)手機遊：SimcityBuildit5,2016-01-27T17:58:57.435Z
1038111,宜蘭給我等著啊,2016-01-27T03:19:36.065Z
1032864,#分享  我的洗臉卸妝哩哩扣扣,2016-01-25T14:13:58.388Z
1029656,重工業的高雄,2016-01-24T15:28:45.12Z
1028180,(更新)臺灣各地下雪，原因呢？,2016-01-24T07:20:51.738Z
1010278,台灣最大的問題是人民,2016-01-19T13:47:59.208Z
1009517,台灣真的缺電嗎 ？,2016-01-19T10:05:47.233Z
991700,屏東的<em>空氣</em><em>汙染</em>,2016-01-15T02:24:32.884Z
991639,馬的,2016-01-15T01:56:23.63Z
978813,齁齁齁齁,2016-01-11T12:39:53.364Z
951427,期末大解放(就是要吃！！),2016-01-04T16:03:24.259Z
943049,非核又減碳反空汙的烏托邦,2016-01-02T15:48:00.735Z
919341,中正的天空灰濛濛,2015-12-26T22:59:54.174Z
893773,#作品  紀念那些年，背著相機不停遠行的日子,2015-12-19T15:26:49.232Z
885601,全球空汙狀況 NASA一張圖讓你看明白,2015-12-17T03:11:09.588Z
883061,加拿大向中國販售瓶裝乾淨<em>空氣</em>,2015-12-16T08:58:39.073Z
882482,<em>空氣</em><em>汙染</em>紫爆，記得口罩~~,2015-12-16T05:11:45.865Z
882320,每周一國際─巴黎協議，挑戰全球暖化,2015-12-16T03:58:00.731Z
856646,<em>空氣</em><em>汙染</em>,2015-12-09T05:08:55.599Z
846768,廟會繞境,2015-12-06T15:21:57.329Z
846269,【短篇】小說家：日常篇,2015-12-06T13:12:40.518Z
834359,宋楚瑜當選後將推行之事,2015-12-03T03:19:36.256Z
808311,高雄四年人口成長僅千人,2015-11-25T05:00:08.728Z
794273,（轉po）別再說抵制沒用的喪氣話　失敗主義才是幫兇,2015-11-20T17:18:16.246Z
743997,(甲)自己突然犯傻了,2015-11-09T17:14:46.179Z
738266,天氣有夠爛,2015-11-08T07:55:59.941Z
736050,他馬的<em>空氣</em><em>汙染</em>,2015-11-07T14:11:59.673Z
710120,誰能去幫他們釐清觀念阿=口=,2015-10-31T02:13:55.122Z
597100,他，國中學歷 發明的海綿道路三十國搶,2015-09-27T15:44:54.807Z
585712,Re: 女警「智取」毒鴛鴦　卻毀了社工體系？,2015-09-23T17:54:08.135Z
461860,蔡英文又在「偷」政策了,2015-08-16T05:09:57.522Z
427941,我的後母老闆娘,2015-08-03T14:15:21.14Z
333213,我去彩色派對，但我不是沒讀書,2015-06-28T07:41:13.344Z
295315,煎熬二選一,2015-06-17T08:47:10.317Z
265756,原點手作坊 -DIY自釀酒經驗分享,2015-06-07T09:16:35.076Z
256508,【3】 叔叔的死亡與英勇,2015-06-04T00:38:19.317Z
252310,環境檢驗與實習,2015-06-02T12:03:35.138Z
250813,【2】我的傳奇叔叔,2015-06-01T18:28:32.167Z
237854,#健身 飲食新研究  不要害怕吃太多蛋 會膽固醇過高,2015-05-28T11:06:36.893Z
212453,在這特別的日子裡(微閃),2015-05-20T09:19:59.799Z
202918,"[新聞] 台灣人發明的鋪路法30國搶用,在台灣卻不動推!",2015-05-17T07:11:57.068Z
197724,希望大家可以看到這篇 海洋保育署及國家海洋發展研究院成立連署,2015-05-15T03:37:42.298Z
197707,希望大家可以看這篇--連署推動設立海洋保育署及國家海洋發展研究院,2015-05-15T03:33:10.417Z
194890,比趙藤雄更強大的「樹木終結者」：台中市長林佳龍,2015-05-14T02:42:02.779Z
180709,高雄人注意(所有人都注意喇!!!),2015-05-07T18:51:22.802Z
147734,未來的應變力、表達能力、思考力??,2015-04-19T16:35:56.943Z
143299,關於台灣電力,2015-04-17T04:02:01.496Z
136902,還我美麗西灣與行車路權!!!!!!!,2015-04-12T23:07:15.604Z
125568,每年這時鼻子過敏的人都很慘呢....,2015-04-04T10:43:07.351Z
91205,大家對於燒金紙放鞭炮這類的習俗的看法,2015-02-26T15:47:25.073Z
90075,【紅色的故事】 戰場的最後一根香菸,2015-02-25T04:25:44.668Z
88761,只是想告訴你，我是真的喜歡你。,2015-02-23T08:48:32.03Z
88167,【長篇】臉(下),2015-02-22T14:53:06.673Z
55312,[新聞] 空汙警報！　全台空汙破表竟無事先預警,2014-12-24T02:46:52.442Z
36173,柯文哲醫師的幻想核災與空想發電,2014-10-14T12:42:48.984Z
32236,[電影分享] 潘朵拉的承諾,2014-09-09T09:32:18.199Z
30007,Re: 關於燒香拜拜,2014-08-22T21:15:30.087Z
13570,【提問】php問題....,2013-12-05T14:27:00Z
